user_id,first_name,last_name,email,gender,age,password,role
1,Buddie,Adamowicz,badamowicz0@berkeley.edu,male,18,"gN5,X#F(5X=DG7L",member
2,Lodovico,Dagon,ldagon1@topsy.com,other,25,"fF8$</#V",member
3,Baudoin,Welsh,bwelsh2@state.tx.us,male,55,"fQ8,s4j$tX)n_6l",therapist
4,Bibby,Creek,bcreek3@artisteer.com,female,56,oK4+Rl@#G2U,member
5,Kelly,Beville,kbeville4@opensource.org,male,35,cO4`W@}4,member
6,Onofredo,McGilbon,omcgilbon5@umich.edu,male,65,mO7/H{6o9Ayhm_h,member
7,Karen,Dawton,kdawton6@1688.com,other,45,pH0{jR8G}Z,member
8,Reuben,Aslam,raslam7@ehow.com,male,37,pK9@_DUjkJ6dU,therapist
9,Rhiamon,Pavie,rpavie8@nbcnews.com,female,38,nH6!%_J$Qz8,member
10,Olvan,Losseljong,olosseljong9@wired.com,male,39,eN8*<>)`Zl'2,member
11,Claire,Sisselot,csisselota@blinklist.com,female,56,zN2%`879Cq<7E~s,member
12,Tate,Brigginshaw,tbrigginshawb@about.me,female,45,sN8+uz6'}I/fp),therapist
13,Nicolas,Raselles,nrasellesc@twitter.com,male,25,rT9@rBh8>}#$LWH$,member
14,Ingram,Tregenna,itregennad@dell.com,male,27,nH7=8`mF"Nz0JL,member
15,Cynthea,Kydd,ckydde@intel.com,female,20,eE7`yRg!E7,member
16,Sosanna,Blockwell,sblockwellf@hatena.ne.jp,female,60,pP2(*f!(mn3Y5,member
17,Mose,Swetmore,mswetmoreg@indiatimes.com,male,60,iF0=J7)VS,member
18,Beniamino,Tomasik,btomasikh@latimes.com,male,65,nJ6|4f=CY,member
19,Taryn,Slite,tslitei@google.co.jp,female,19,hU7~41R%no/#_qh",member
20,Gram,Snape,gsnapej@ebay.com,other,66,rR0~UBQK2,therapist
21,Trueman,Semorad,tsemoradk@adobe.com,male,27,yJ6&~~*$!d,therapist
22,Thedric,Richardes,trichardesl@google.nl,male,26,fe6_M|162rE(,member
23,Morse,Grabban,mgrabbanm@taobao.com,male,19,hS2_G2+Jb))_,member
24,Zackariah,Mixter,zmixtern@scribd.com,male,19,zU0*=jqg5hEwvGj2,member
25,Sophia,Bavin,sbavino@bloglovin.com,female,21,"iY3',?6n@Km@`ygL",member
26,Kathi,Pergens,kpergensp@friendfeed.com,female,29,"dK2,73$4'O}V",member
27,Nolie,Cardoo,ncardooq@nbcnews.com,female,50,wC8%@Fpb1t@sn/Lx,member
28,Meade,fentem,mfentemr@google.com.br,female,20,fU0!c_a7*BAM%a},member
29,Donn,Penney,dpenneys@plala.or.jp,male,47,yT2(@R|!l&5d<2,member
30,Kathrine,Killingsworth,kkillingswortht@bbb.org,female,61,mO5<J7$!P,member